{
  "best_metric": 0.19644613564014435,
  "best_model_checkpoint": "clinbert_trainer\\checkpoint-184",
  "epoch": 1.0,
  "global_step": 184,
  "is_hyper_param_search": false,
  "is_local_process_zero": true,
  "is_world_process_zero": true,
  "log_history": [
    {
      "epoch": 1.0,
      "eval_accuracy": 0.9456521739130435,
      "eval_f1": 0.9438001928511802,
      "eval_loss": 0.19644613564014435,
      "eval_precision": 0.9445509817968075,
      "eval_recall": 0.9456521739130435,
      "eval_runtime": 5.7751,
      "eval_samples_per_second": 63.722,
      "eval_steps_per_second": 3.983,
      "step": 184
    }
  ],
  "max_steps": 3680,
  "num_train_epochs": 20,
  "total_flos": 226858238781300.0,
  "trial_name": null,
  "trial_params": null
}
